{
    "epoch": 3.0,
    "eval_accuracy": 0.40732880588568193,
    "eval_loss": 3.1047914028167725,
    "eval_runtime": 4.5904,
    "eval_samples": 152,
    "eval_samples_per_second": 33.113,
    "eval_steps_per_second": 16.556,
    "perplexity": 22.304565820371955,
    "train_loss": 3.132630642361111,
    "train_runtime": 211.9475,
    "train_samples": 750,
    "train_samples_per_second": 10.616,
    "train_steps_per_second": 5.308
}