{
    "epoch": 3.0,
    "eval_accuracy": 0.5086026570231819,
    "eval_loss": 2.5000579357147217,
    "eval_runtime": 5.8351,
    "eval_samples": 193,
    "eval_samples_per_second": 33.076,
    "eval_steps_per_second": 16.624,
    "perplexity": 12.183199782644131,
    "train_loss": 2.5367398371986374,
    "train_runtime": 270.6237,
    "train_samples": 954,
    "train_samples_per_second": 10.576,
    "train_steps_per_second": 5.288
}